{"cameraMode":{"drawMode":0,"name":"Shaded","section":"Shading Mode"},"sceneLighting":true,"audioPlay":false,"sceneViewState":{"m_AlwaysRefresh":false,"showFog":true,"showSkybox":true,"showFlares":true,"showImageEffects":true,"showParticleSystems":true,"showVisualEffectGraphs":true,"m_FxEnabled":true},"in2DMode":false,"pivot":{"x":0.1381358504295349,"y":0.8085087537765503,"z":-0.9256141185760498},"rotation":{"x":0.022805048152804376,"y":-0.016502689570188524,"z":0.00037307199090719223,"w":0.9996198415756226},"size":2.0844743251800539,"orthographic":true}